X,CH2,CH3,Start,Increment,
Sequence,Volt,Volt,-1.198000e+01,2.000000e-02
0,-2.00e+00,1.60e-01,
1,-1.20e+01,3.20e-01,
2,-2.00e+00,1.60e-01,
3,-1.20e+01,3.20e-01,
4,-2.00e+00,1.60e-01,
5,-1.20e+01,2.40e-01,
6,-2.00e+00,1.60e-01,
7,-1.20e+01,3.20e-01,
8,-2.00e+00,3.20e-01,
9,-1.20e+01,2.40e-01,
10,-1.20e+01,1.60e-01,
11,-2.00e+00,3.20e-01,
12,-1.20e+01,3.20e-01,
13,-2.00e+00,2.40e-01,
14,-1.20e+01,3.20e-01,
15,-2.00e+00,1.60e-01,
16,-1.00e+01,3.20e-01,
17,0.00e+00,2.40e-01,
18,0.00e+00,4.00e-01,
19,-1.20e+01,2.40e-01,
20,0.00e+00,3.20e-01,
21,-1.20e+01,2.40e-01,
22,0.00e+00,3.20e-01,
23,-1.20e+01,1.60e-01,
24,0.00e+00,2.40e-01,
25,-1.20e+01,3.20e-01,
26,0.00e+00,3.20e-01,
27,-1.20e+01,1.60e-01,
28,0.00e+00,3.20e-01,
29,-1.20e+01,1.60e-01,
30,0.00e+00,2.40e-01,
31,-1.00e+01,8.00e-02,
32,0.00e+00,8.00e-02,
33,-1.00e+01,2.40e-01,
34,0.00e+00,1.60e-01,
35,-8.00e+00,3.20e-01,
36,-1.00e+01,1.60e-01,
37,-2.00e+00,3.20e-01,
38,-1.00e+01,2.40e-01,
39,0.00e+00,8.00e-02,
40,-8.00e+00,8.00e-02,
41,0.00e+00,3.20e-01,
42,-1.00e+01,3.20e-01,
43,0.00e+00,2.40e-01,
44,-8.00e+00,2.40e-01,
45,0.00e+00,4.00e-01,
46,-1.00e+01,3.20e-01,
47,0.00e+00,1.60e-01,
48,-1.00e+01,2.40e-01,
49,0.00e+00,3.20e-01,
50,-1.00e+01,2.40e-01,
51,0.00e+00,3.20e-01,
52,-2.00e+00,2.40e-01,
53,-8.00e+00,3.20e-01,
54,0.00e+00,2.40e-01,
55,-8.00e+00,3.20e-01,
56,0.00e+00,2.40e-01,
57,-1.00e+01,3.20e-01,
58,-2.00e+00,2.40e-01,
59,-1.00e+01,4.00e-01,
60,-8.00e+00,4.00e-01,
61,0.00e+00,2.40e-01,
62,-1.00e+01,4.00e-01,
63,0.00e+00,2.40e-01,
64,0.00e+00,2.40e-01,
65,-8.00e+00,3.20e-01,
66,-1.00e+01,2.40e-01,
67,0.00e+00,4.00e-01,
68,-2.00e+00,3.20e-01,
69,-1.00e+01,4.80e-01,
70,-1.00e+01,3.20e-01,
71,0.00e+00,4.80e-01,
72,-8.00e+00,3.20e-01,
73,0.00e+00,4.00e-01,
74,-1.00e+01,4.00e-01,
75,0.00e+00,3.20e-01,
76,-1.00e+01,3.20e-01,
77,0.00e+00,4.80e-01,
78,-8.00e+00,4.00e-01,
79,0.00e+00,5.60e-01,
80,-8.00e+00,4.80e-01,
81,0.00e+00,3.20e-01,
82,0.00e+00,4.00e-01,
83,-1.00e+01,2.40e-01,
84,0.00e+00,3.20e-01,
85,-8.00e+00,4.80e-01,
86,0.00e+00,4.00e-01,
87,-1.00e+01,5.60e-01,
88,0.00e+00,4.00e-01,
89,-1.00e+01,5.60e-01,
90,0.00e+00,4.80e-01,
91,-1.00e+01,3.20e-01,
92,0.00e+00,3.20e-01,
93,-8.00e+00,5.60e-01,
94,-1.00e+01,4.00e-01,
95,0.00e+00,5.60e-01,
96,0.00e+00,4.00e-01,
97,-1.00e+01,5.60e-01,
98,-8.00e+00,4.80e-01,
99,0.00e+00,4.00e-01,
100,-8.00e+00,4.80e-01,
101,0.00e+00,4.00e-01,
102,-1.00e+01,4.00e-01,
103,0.00e+00,5.60e-01,
104,-1.00e+01,5.60e-01,
105,0.00e+00,4.00e-01,
106,-1.00e+01,4.80e-01,
107,0.00e+00,3.20e-01,
108,-1.00e+01,4.80e-01,
109,0.00e+00,4.00e-01,
110,0.00e+00,4.80e-01,
111,-1.00e+01,4.00e-01,
112,0.00e+00,5.60e-01,
113,-8.00e+00,4.00e-01,
114,0.00e+00,4.80e-01,
115,-1.00e+01,3.20e-01,
116,0.00e+00,3.20e-01,
117,-1.00e+01,4.80e-01,
118,0.00e+00,3.20e-01,
119,-8.00e+00,4.80e-01,
120,0.00e+00,4.00e-01,
121,-1.00e+01,5.60e-01,
122,0.00e+00,4.80e-01,
123,-1.00e+01,4.00e-01,
124,-1.00e+01,4.00e-01,
125,0.00e+00,4.80e-01,
126,-1.00e+01,4.00e-01,
127,0.00e+00,5.60e-01,
128,-1.00e+01,4.00e-01,
129,0.00e+00,5.60e-01,
130,-1.00e+01,4.00e-01,
131,0.00e+00,5.60e-01,
132,-1.00e+01,4.80e-01,
133,0.00e+00,4.00e-01,
134,-8.00e+00,4.80e-01,
135,2.00e+00,4.00e-01,
136,-8.00e+00,4.00e-01,
137,2.00e+00,5.60e-01,
138,-8.00e+00,5.60e-01,
139,2.00e+00,4.80e-01,
140,2.00e+00,5.60e-01,
141,-8.00e+00,4.00e-01,
142,2.00e+00,5.60e-01,
143,-1.00e+01,4.00e-01,
144,2.00e+00,4.80e-01,
145,-8.00e+00,6.40e-01,
146,2.00e+00,6.40e-01,
147,-1.00e+01,7.20e-01,
148,2.00e+00,6.40e-01,
149,-1.00e+01,4.80e-01,
150,2.00e+00,4.80e-01,
151,-8.00e+00,7.20e-01,
152,2.00e+00,6.40e-01,
153,-1.00e+01,8.00e-01,
154,-1.00e+01,6.40e-01,
155,2.00e+00,8.00e-01,
156,-8.00e+00,8.00e-01,
157,2.00e+00,5.60e-01,
158,-8.00e+00,6.40e-01,
159,2.00e+00,4.80e-01,
160,-8.00e+00,6.40e-01,
161,2.00e+00,7.20e-01,
162,-8.00e+00,8.00e-01,
163,2.00e+00,6.40e-01,
164,-8.00e+00,6.40e-01,
165,2.00e+00,7.20e-01,
166,-8.00e+00,6.40e-01,
167,2.00e+00,5.60e-01,
168,2.00e+00,6.40e-01,
169,-1.00e+01,4.80e-01,
170,-6.00e+00,6.40e-01,
171,2.00e+00,8.00e-01,
172,2.00e+00,8.00e-01,
173,-8.00e+00,6.40e-01,
174,2.00e+00,6.40e-01,
175,-8.00e+00,8.00e-01,
176,2.00e+00,6.40e-01,
177,-6.00e+00,7.20e-01,
178,2.00e+00,8.00e-01,
179,-6.00e+00,6.40e-01,
180,2.00e+00,7.20e-01,
181,-6.00e+00,8.80e-01,
182,2.00e+00,8.00e-01,
183,-6.00e+00,7.20e-01,
184,-6.00e+00,8.00e-01,
185,2.00e+00,6.40e-01,
186,-6.00e+00,6.40e-01,
187,2.00e+00,8.00e-01,
188,-6.00e+00,7.20e-01,
189,2.00e+00,5.60e-01,
190,-6.00e+00,6.40e-01,
191,2.00e+00,4.80e-01,
192,-6.00e+00,5.60e-01,
193,2.00e+00,4.80e-01,
194,-6.00e+00,5.60e-01,
195,2.00e+00,4.80e-01,
196,-6.00e+00,9.60e-01,
197,2.00e+00,3.20e-01,
198,-6.00e+00,2.40e-01,
199,2.00e+00,8.00e-01,
200,-6.00e+00,0.00e+00,
201,2.00e+00,1.04e+00,
202,2.00e+00,4.80e-01,
203,-6.00e+00,1.28e+00,
204,2.00e+00,8.00e-01,
205,-6.00e+00,1.68e+00,
206,2.00e+00,1.76e+00,
207,-6.00e+00,1.12e+00,
208,2.00e+00,1.52e+00,
209,-6.00e+00,8.80e-01,
210,2.00e+00,1.12e+00,
211,-6.00e+00,1.52e+00,
212,2.00e+00,1.20e+00,
213,-6.00e+00,1.84e+00,
214,2.00e+00,1.20e+00,
215,-6.00e+00,1.76e+00,
216,-6.00e+00,1.20e+00,
217,2.00e+00,1.60e+00,
218,-6.00e+00,1.36e+00,
219,2.00e+00,1.84e+00,
220,-6.00e+00,1.52e+00,
221,2.00e+00,1.92e+00,
222,-6.00e+00,1.52e+00,
223,2.00e+00,2.00e+00,
224,-6.00e+00,1.92e+00,
225,2.00e+00,1.44e+00,
226,-6.00e+00,1.84e+00,
227,2.00e+00,1.44e+00,
228,-6.00e+00,1.52e+00,
229,2.00e+00,1.92e+00,
230,-6.00e+00,1.60e+00,
231,2.00e+00,2.08e+00,
232,2.00e+00,1.76e+00,
233,-6.00e+00,2.40e+00,
234,2.00e+00,2.32e+00,
235,-6.00e+00,1.84e+00,
236,2.00e+00,1.92e+00,
237,-6.00e+00,2.64e+00,
238,2.00e+00,2.24e+00,
239,-6.00e+00,2.88e+00,
240,2.00e+00,2.48e+00,
241,-6.00e+00,3.20e+00,
242,2.00e+00,2.64e+00,
243,-6.00e+00,3.20e+00,
244,2.00e+00,2.72e+00,
245,-6.00e+00,3.44e+00,
246,-6.00e+00,3.04e+00,
247,2.00e+00,3.68e+00,
248,-6.00e+00,3.68e+00,
249,2.00e+00,3.20e+00,
250,-6.00e+00,4.00e+00,
251,2.00e+00,3.36e+00,
252,-6.00e+00,3.92e+00,
253,2.00e+00,3.44e+00,
254,-6.00e+00,3.60e+00,
255,2.00e+00,4.16e+00,
256,-6.00e+00,3.84e+00,
257,2.00e+00,4.40e+00,
258,-6.00e+00,4.48e+00,
259,2.00e+00,3.92e+00,
260,2.00e+00,4.64e+00,
261,-6.00e+00,4.08e+00,
262,2.00e+00,4.72e+00,
263,-6.00e+00,4.24e+00,
264,2.00e+00,4.64e+00,
265,-6.00e+00,4.16e+00,
266,2.00e+00,4.56e+00,
267,-6.00e+00,4.08e+00,
268,2.00e+00,4.08e+00,
269,-6.00e+00,4.48e+00,
270,2.00e+00,4.08e+00,
271,-6.00e+00,4.72e+00,
272,2.00e+00,4.40e+00,
273,-6.00e+00,4.88e+00,
274,-6.00e+00,4.48e+00,
275,4.00e+00,4.96e+00,
276,-6.00e+00,4.40e+00,
277,4.00e+00,4.80e+00,
278,-6.00e+00,4.64e+00,
279,4.00e+00,4.16e+00,
280,-6.00e+00,4.64e+00,
281,4.00e+00,4.08e+00,
282,-6.00e+00,4.56e+00,
283,4.00e+00,4.00e+00,
284,-6.00e+00,4.48e+00,
285,4.00e+00,3.92e+00,
286,-6.00e+00,4.40e+00,
287,4.00e+00,3.92e+00,
288,4.00e+00,4.64e+00,
289,-6.00e+00,3.92e+00,
290,4.00e+00,4.40e+00,
291,-6.00e+00,3.76e+00,
292,4.00e+00,4.16e+00,
293,-6.00e+00,3.60e+00,
294,4.00e+00,4.00e+00,
295,-6.00e+00,3.44e+00,
296,4.00e+00,3.84e+00,
297,-6.00e+00,3.20e+00,
298,4.00e+00,3.20e+00,
299,-6.00e+00,3.60e+00,
300,4.00e+00,3.12e+00,
301,-6.00e+00,3.60e+00,
302,-6.00e+00,3.04e+00,
303,4.00e+00,3.52e+00,
304,-6.00e+00,2.96e+00,
305,4.00e+00,3.44e+00,
306,-6.00e+00,2.88e+00,
307,4.00e+00,3.44e+00,
308,-4.00e+00,3.12e+00,
309,4.00e+00,2.64e+00,
310,-4.00e+00,2.96e+00,
311,4.00e+00,2.40e+00,
312,-4.00e+00,2.48e+00,
313,4.00e+00,2.96e+00,
314,-4.00e+00,3.04e+00,
315,4.00e+00,2.56e+00,
316,-4.00e+00,3.12e+00,
317,4.00e+00,2.64e+00,
318,-4.00e+00,3.12e+00,
319,4.00e+00,2.56e+00,
320,-4.00e+00,3.04e+00,
321,4.00e+00,2.64e+00,
322,4.00e+00,3.12e+00,
323,-4.00e+00,2.56e+00,
324,4.00e+00,2.96e+00,
325,-4.00e+00,2.48e+00,
326,4.00e+00,2.88e+00,
327,-4.00e+00,2.40e+00,
328,4.00e+00,2.48e+00,
329,-4.00e+00,2.96e+00,
330,4.00e+00,2.56e+00,
331,-4.00e+00,3.12e+00,
332,-4.00e+00,2.64e+00,
333,4.00e+00,3.28e+00,
334,-4.00e+00,2.80e+00,
335,4.00e+00,3.20e+00,
336,-4.00e+00,3.04e+00,
337,4.00e+00,2.56e+00,
338,-4.00e+00,2.40e+00,
339,4.00e+00,2.88e+00,
340,-4.00e+00,2.48e+00,
341,4.00e+00,2.88e+00,
342,-4.00e+00,2.48e+00,
343,4.00e+00,2.96e+00,
344,-4.00e+00,2.96e+00,
345,4.00e+00,2.48e+00,
346,-4.00e+00,2.96e+00,
347,4.00e+00,2.48e+00,
348,-4.00e+00,2.96e+00,
349,4.00e+00,2.56e+00,
350,4.00e+00,2.96e+00,
351,-4.00e+00,2.08e+00,
352,4.00e+00,2.80e+00,
353,-4.00e+00,2.32e+00,
354,4.00e+00,2.72e+00,
355,-4.00e+00,2.16e+00,
356,4.00e+00,2.16e+00,
357,-4.00e+00,2.64e+00,
358,4.00e+00,2.16e+00,
359,-4.00e+00,2.56e+00,
360,4.00e+00,1.68e+00,
361,-4.00e+00,2.72e+00,
362,4.00e+00,2.08e+00,
363,-4.00e+00,2.56e+00,
364,-4.00e+00,2.08e+00,
365,4.00e+00,2.48e+00,
366,-4.00e+00,2.40e+00,
367,4.00e+00,1.92e+00,
368,-4.00e+00,1.76e+00,
369,4.00e+00,2.16e+00,
370,-4.00e+00,1.04e+00,
371,4.00e+00,2.00e+00,
372,-4.00e+00,1.92e+00,
373,4.00e+00,1.28e+00,
374,-4.00e+00,1.84e+00,
375,4.00e+00,1.28e+00,
376,-4.00e+00,1.76e+00,
377,4.00e+00,1.04e+00,
378,-4.00e+00,1.60e+00,
379,4.00e+00,1.04e+00,
380,4.00e+00,1.36e+00,
381,-4.00e+00,7.20e-01,
382,4.00e+00,6.40e-01,
383,-4.00e+00,1.04e+00,
384,4.00e+00,8.80e-01,
385,-4.00e+00,2.40e-01,
386,4.00e+00,4.80e-01,
387,-4.00e+00,-8.00e-02,
388,4.00e+00,2.40e-01,
389,-4.00e+00,-3.20e-01,
390,4.00e+00,8.00e-02,
391,-4.00e+00,-5.60e-01,
392,4.00e+00,-8.00e-02,
393,-4.00e+00,-7.20e-01,
394,-4.00e+00,-3.20e-01,
395,4.00e+00,-8.00e-01,
396,-4.00e+00,-4.00e-01,
397,4.00e+00,-8.80e-01,
398,-4.00e+00,-4.00e-01,
399,4.00e+00,-8.80e-01,
400,-4.00e+00,-4.80e-01,
401,4.00e+00,-9.60e-01,
402,-4.00e+00,-6.40e-01,
403,4.00e+00,-1.12e+00,
404,-4.00e+00,-1.44e+00,
405,4.00e+00,-8.00e-01,
406,-4.00e+00,-1.44e+00,
407,4.00e+00,-8.00e-01,
408,4.00e+00,-1.36e+00,
409,-4.00e+00,-8.00e-01,
410,4.00e+00,-8.00e-01,
411,-4.00e+00,-1.12e+00,
412,4.00e+00,-7.20e-01,
413,-4.00e+00,-1.12e+00,
414,4.00e+00,-1.12e+00,
415,-4.00e+00,-6.40e-01,
416,4.00e+00,-5.60e-01,
417,-4.00e+00,-1.28e+00,
418,6.00e+00,-5.60e-01,
419,-4.00e+00,-1.36e+00,
420,-4.00e+00,-7.20e-01,
421,6.00e+00,-1.44e+00,
422,-4.00e+00,-1.04e+00,
423,6.00e+00,-1.44e+00,
424,-4.00e+00,-1.52e+00,
425,6.00e+00,-8.80e-01,
426,-4.00e+00,-1.76e+00,
427,6.00e+00,-6.40e-01,
428,-4.00e+00,-1.04e+00,
429,6.00e+00,-3.20e-01,
430,-4.00e+00,-9.60e-01,
431,6.00e+00,-4.80e-01,
432,-4.00e+00,-8.80e-01,
433,6.00e+00,-5.60e-01,
434,-4.00e+00,-7.20e-01,
435,6.00e+00,-4.80e-01,
436,6.00e+00,-6.40e-01,
437,-4.00e+00,-5.60e-01,
438,6.00e+00,-6.40e-01,
439,-4.00e+00,-4.80e-01,
440,6.00e+00,-4.80e-01,
441,-4.00e+00,-5.60e-01,
442,6.00e+00,-5.60e-01,
443,-4.00e+00,-3.20e-01,
444,6.00e+00,-3.20e-01,
445,-4.00e+00,-4.80e-01,
446,6.00e+00,-4.80e-01,
447,-4.00e+00,-3.20e-01,
448,6.00e+00,-4.80e-01,
449,-4.00e+00,-1.60e-01,
450,-4.00e+00,-3.20e-01,
451,6.00e+00,-1.60e-01,
452,-4.00e+00,-2.40e-01,
453,6.00e+00,-8.00e-02,
454,-4.00e+00,-1.60e-01,
455,6.00e+00,-4.00e-01,
456,-4.00e+00,-3.20e-01,
457,6.00e+00,-4.80e-01,
458,-4.00e+00,-4.00e-01,
459,6.00e+00,-5.60e-01,
460,-4.00e+00,-4.00e-01,
461,6.00e+00,-5.60e-01,
462,-4.00e+00,-4.80e-01,
463,6.00e+00,-6.40e-01,
464,-4.00e+00,-6.40e-01,
465,6.00e+00,-4.80e-01,
466,6.00e+00,-5.60e-01,
467,-4.00e+00,-7.20e-01,
468,-2.00e+00,-6.40e-01,
469,6.00e+00,-8.00e-01,
470,6.00e+00,-8.00e-01,
471,-2.00e+00,-7.20e-01,
472,6.00e+00,-7.20e-01,
473,-4.00e+00,-8.80e-01,
474,6.00e+00,-8.80e-01,
475,-2.00e+00,-7.20e-01,
476,6.00e+00,-8.80e-01,
477,-2.00e+00,-6.40e-01,
478,6.00e+00,-6.40e-01,
479,-2.00e+00,-8.00e-01,
480,6.00e+00,-7.20e-01,
481,-2.00e+00,-5.60e-01,
482,-2.00e+00,-7.20e-01,
483,6.00e+00,-5.60e-01,
484,-2.00e+00,-6.40e-01,
485,6.00e+00,-4.80e-01,
486,-2.00e+00,-6.40e-01,
487,6.00e+00,-4.80e-01,
488,-2.00e+00,-5.60e-01,
489,6.00e+00,-4.00e-01,
490,-2.00e+00,-4.00e-01,
491,6.00e+00,-5.60e-01,
492,-2.00e+00,-5.60e-01,
493,6.00e+00,-4.00e-01,
494,-2.00e+00,-3.20e-01,
495,6.00e+00,-4.00e-01,
496,-2.00e+00,-3.20e-01,
497,6.00e+00,-5.60e-01,
498,6.00e+00,-4.80e-01,
499,-2.00e+00,-4.00e-01,
500,6.00e+00,-3.20e-01,
501,-2.00e+00,-4.80e-01,
502,6.00e+00,-4.80e-01,
503,-2.00e+00,-3.20e-01,
504,6.00e+00,-3.20e-01,
505,-2.00e+00,-4.80e-01,
506,6.00e+00,-3.20e-01,
507,-2.00e+00,-4.80e-01,
508,6.00e+00,-5.60e-01,
509,-2.00e+00,-3.20e-01,
510,6.00e+00,-3.20e-01,
511,-2.00e+00,-4.80e-01,
512,6.00e+00,-4.00e-01,
513,-2.00e+00,-5.60e-01,
514,-2.00e+00,-4.00e-01,
515,6.00e+00,-5.60e-01,
516,-2.00e+00,-5.60e-01,
517,6.00e+00,-4.00e-01,
518,-2.00e+00,-4.00e-01,
519,6.00e+00,-5.60e-01,
520,-2.00e+00,-4.00e-01,
521,6.00e+00,-5.60e-01,
522,-2.00e+00,-4.00e-01,
523,6.00e+00,-5.60e-01,
524,-2.00e+00,-4.80e-01,
525,6.00e+00,-6.40e-01,
526,6.00e+00,-4.80e-01,
527,-2.00e+00,-5.60e-01,
528,6.00e+00,-5.60e-01,
529,-2.00e+00,-4.00e-01,
530,6.00e+00,-4.00e-01,
531,-2.00e+00,-5.60e-01,
532,6.00e+00,-4.80e-01,
533,-2.00e+00,-3.20e-01,
534,6.00e+00,-4.80e-01,
535,-2.00e+00,-3.20e-01,
536,6.00e+00,-3.20e-01,
537,-2.00e+00,-4.80e-01,
538,6.00e+00,-3.20e-01,
539,-2.00e+00,-4.80e-01,
540,6.00e+00,-4.80e-01,
541,-2.00e+00,-3.20e-01,
542,6.00e+00,-4.00e-01,
543,-2.00e+00,-4.80e-01,
544,-2.00e+00,-4.00e-01,
545,6.00e+00,-4.80e-01,
546,-2.00e+00,-3.20e-01,
547,6.00e+00,-4.80e-01,
548,-2.00e+00,-3.20e-01,
549,8.00e+00,-4.80e-01,
550,-2.00e+00,-4.00e-01,
551,8.00e+00,-5.60e-01,
552,-2.00e+00,-4.00e-01,
553,6.00e+00,-4.80e-01,
554,-2.00e+00,-4.80e-01,
555,8.00e+00,-3.20e-01,
556,8.00e+00,-4.00e-01,
557,-2.00e+00,-5.60e-01,
558,8.00e+00,-5.60e-01,
559,-2.00e+00,-4.00e-01,
560,8.00e+00,-4.80e-01,
561,-2.00e+00,-3.20e-01,
562,8.00e+00,-3.20e-01,
563,-2.00e+00,-4.00e-01,
564,8.00e+00,-3.20e-01,
565,-2.00e+00,-4.80e-01,
566,8.00e+00,-4.00e-01,
567,-2.00e+00,-5.60e-01,
568,8.00e+00,-5.60e-01,
569,-2.00e+00,-4.00e-01,
570,-2.00e+00,-4.80e-01,
571,8.00e+00,-3.20e-01,
572,-2.00e+00,-4.00e-01,
573,8.00e+00,-2.40e-01,
574,-2.00e+00,-3.20e-01,
575,8.00e+00,-4.80e-01,
576,-2.00e+00,-4.00e-01,
577,8.00e+00,-1.60e-01,
578,-2.00e+00,-2.40e-01,
579,8.00e+00,-8.00e-02,
580,-2.00e+00,-8.00e-02,
581,8.00e+00,-1.60e-01,
582,-2.00e+00,-2.40e-01,
583,8.00e+00,-8.00e-02,
584,8.00e+00,-2.40e-01,
585,-2.00e+00,-8.00e-02,
586,8.00e+00,-1.60e-01,
587,-2.00e+00,-8.00e-02,
588,8.00e+00,-1.60e-01,
589,-2.00e+00,0.00e+00,
590,8.00e+00,-8.00e-02,
591,0.00e+00,-2.40e-01,
592,8.00e+00,-2.40e-01,
593,0.00e+00,-8.00e-02,
594,8.00e+00,-8.00e-02,
595,0.00e+00,-2.40e-01,
596,8.00e+00,-1.60e-01,
597,0.00e+00,0.00e+00,
598,0.00e+00,0.00e+00,
599,8.00e+00,-1.60e-01,
600,0.00e+00,-1.60e-01,
601,8.00e+00,0.00e+00,
602,0.00e+00,-8.00e-02,
603,8.00e+00,0.00e+00,
604,0.00e+00,-8.00e-02,
605,8.00e+00,8.00e-02,
606,0.00e+00,8.00e-02,
607,8.00e+00,-8.00e-02,
608,0.00e+00,-8.00e-02,
609,8.00e+00,8.00e-02,
610,0.00e+00,-8.00e-02,
611,8.00e+00,0.00e+00,
612,0.00e+00,-8.00e-02,
613,8.00e+00,8.00e-02,
614,0.00e+00,8.00e-02,
615,8.00e+00,-8.00e-02,
616,0.00e+00,0.00e+00,
617,8.00e+00,-8.00e-02,
618,8.00e+00,-8.00e-02,
619,0.00e+00,8.00e-02,
620,8.00e+00,-8.00e-02,
621,0.00e+00,8.00e-02,
622,8.00e+00,8.00e-02,
623,0.00e+00,0.00e+00,
624,8.00e+00,8.00e-02,
625,0.00e+00,-8.00e-02,
626,8.00e+00,0.00e+00,
627,0.00e+00,-1.60e-01,
628,8.00e+00,-8.00e-02,
629,0.00e+00,8.00e-02,
630,8.00e+00,-8.00e-02,
631,0.00e+00,8.00e-02,
632,0.00e+00,8.00e-02,
633,8.00e+00,-8.00e-02,
634,0.00e+00,-1.60e-01,
635,8.00e+00,0.00e+00,
636,0.00e+00,-8.00e-02,
637,8.00e+00,0.00e+00,
638,0.00e+00,-8.00e-02,
639,8.00e+00,8.00e-02,
640,0.00e+00,0.00e+00,
641,8.00e+00,-1.60e-01,
642,0.00e+00,-1.60e-01,
643,8.00e+00,0.00e+00,
644,0.00e+00,-1.60e-01,
645,8.00e+00,0.00e+00,
646,8.00e+00,-8.00e-02,
647,0.00e+00,8.00e-02,
648,8.00e+00,-8.00e-02,
649,0.00e+00,8.00e-02,
650,8.00e+00,-1.60e-01,
651,0.00e+00,0.00e+00,
652,8.00e+00,0.00e+00,
653,0.00e+00,-1.60e-01,
654,8.00e+00,-8.00e-02,
655,0.00e+00,8.00e-02,
656,8.00e+00,-8.00e-02,
657,0.00e+00,8.00e-02,
658,8.00e+00,0.00e+00,
659,0.00e+00,-1.60e-01,
660,0.00e+00,-1.60e-01,
661,8.00e+00,0.00e+00,
662,0.00e+00,0.00e+00,
663,8.00e+00,-1.60e-01,
664,0.00e+00,-8.00e-02,
665,8.00e+00,8.00e-02,
666,0.00e+00,8.00e-02,
667,8.00e+00,-8.00e-02,
668,0.00e+00,0.00e+00,
669,8.00e+00,-8.00e-02,
670,0.00e+00,-8.00e-02,
671,8.00e+00,8.00e-02,
672,0.00e+00,0.00e+00,
673,8.00e+00,1.60e-01,
674,8.00e+00,1.60e-01,
675,0.00e+00,0.00e+00,
676,8.00e+00,0.00e+00,
677,0.00e+00,1.60e-01,
678,8.00e+00,0.00e+00,
679,0.00e+00,1.60e-01,
680,8.00e+00,0.00e+00,
681,0.00e+00,1.60e-01,
682,8.00e+00,8.00e-02,
683,0.00e+00,2.40e-01,
684,8.00e+00,8.00e-02,
685,2.00e+00,2.40e-01,
686,8.00e+00,1.60e-01,
687,0.00e+00,0.00e+00,
688,8.00e+00,0.00e+00,
689,0.00e+00,1.60e-01,
690,0.00e+00,8.00e-02,
691,1.00e+01,1.60e-01,
692,0.00e+00,1.60e-01,
693,1.00e+01,0.00e+00,
694,0.00e+00,1.60e-01,
695,8.00e+00,0.00e+00,
696,0.00e+00,0.00e+00,
697,1.00e+01,1.60e-01,
698,0.00e+00,1.60e-01,
699,1.00e+01,8.00e-02,
700,0.00e+00,1.60e-01,
701,1.00e+01,0.00e+00,
702,1.00e+01,0.00e+00,
703,0.00e+00,1.60e-01,
704,1.00e+01,0.00e+00,
705,0.00e+00,1.60e-01,
706,1.00e+01,8.00e-02,
707,0.00e+00,2.40e-01,
708,1.00e+01,2.40e-01,
709,0.00e+00,8.00e-02,
710,1.00e+01,2.40e-01,
711,2.00e+00,8.00e-02,
712,1.00e+01,1.60e-01,
713,2.00e+00,0.00e+00,
714,1.00e+01,8.00e-02,
715,2.00e+00,1.60e-01,
716,1.00e+01,8.00e-02,
717,2.00e+00,2.40e-01,
718,2.00e+00,8.00e-02,
719,1.00e+01,2.40e-01,
720,2.00e+00,8.00e-02,
721,1.00e+01,2.40e-01,
722,2.00e+00,8.00e-02,
723,1.00e+01,2.40e-01,
724,2.00e+00,2.40e-01,
725,1.00e+01,8.00e-02,
726,2.00e+00,2.40e-01,
727,1.00e+01,8.00e-02,
728,2.00e+00,8.00e-02,
729,1.00e+01,1.60e-01,
730,2.00e+00,8.00e-02,
731,1.00e+01,3.20e-01,
732,2.00e+00,3.20e-01,
733,1.00e+01,1.60e-01,
734,1.00e+01,3.20e-01,
735,2.00e+00,1.60e-01,
736,1.00e+01,1.60e-01,
737,2.00e+00,3.20e-01,
738,1.00e+01,1.60e-01,
739,2.00e+00,4.00e-01,
740,1.00e+01,2.40e-01,
741,2.00e+00,4.00e-01,
742,1.00e+01,3.20e-01,
743,2.00e+00,2.40e-01,
744,1.00e+01,1.60e-01,
745,2.00e+00,3.20e-01,
746,1.00e+01,1.60e-01,
747,2.00e+00,3.20e-01,
748,1.00e+01,1.60e-01,
749,2.00e+00,3.20e-01,
750,2.00e+00,2.40e-01,
751,1.00e+01,4.00e-01,
752,2.00e+00,3.20e-01,
753,1.00e+01,1.60e-01,
754,2.00e+00,1.60e-01,
755,1.00e+01,3.20e-01,
756,2.00e+00,1.60e-01,
757,1.00e+01,4.00e-01,
758,2.00e+00,4.00e-01,
759,1.00e+01,2.40e-01,
760,2.00e+00,2.40e-01,
761,1.00e+01,4.00e-01,
762,2.00e+00,3.20e-01,
763,1.00e+01,1.60e-01,
764,2.00e+00,3.20e-01,
765,1.00e+01,2.40e-01,
766,1.00e+01,2.40e-01,
767,2.00e+00,4.00e-01,
768,1.00e+01,2.40e-01,
769,2.00e+00,4.00e-01,
770,1.00e+01,2.40e-01,
771,2.00e+00,3.20e-01,
772,1.00e+01,2.40e-01,
773,2.00e+00,4.00e-01,
774,1.00e+01,4.00e-01,
775,2.00e+00,2.40e-01,
776,1.00e+01,3.20e-01,
777,2.00e+00,1.60e-01,
778,2.00e+00,2.40e-01,
779,1.00e+01,8.00e-02,
780,2.00e+00,1.60e-01,
781,1.00e+01,8.00e-02,
782,2.00e+00,8.00e-02,
783,1.00e+01,2.40e-01,
784,2.00e+00,2.40e-01,
785,1.00e+01,1.60e-01,
786,2.00e+00,2.40e-01,
787,1.00e+01,0.00e+00,
788,2.00e+00,0.00e+00,
789,1.00e+01,1.60e-01,
790,2.00e+00,1.60e-01,
791,1.00e+01,8.00e-02,
792,2.00e+00,8.00e-02,
793,1.00e+01,1.60e-01,
794,1.00e+01,1.60e-01,
795,2.00e+00,0.00e+00,
796,1.00e+01,1.60e-01,
797,2.00e+00,0.00e+00,
798,1.00e+01,0.00e+00,
799,2.00e+00,1.60e-01,
800,1.00e+01,8.00e-02,
801,2.00e+00,2.40e-01,
802,1.00e+01,1.60e-01,
803,2.00e+00,8.00e-02,
804,1.00e+01,8.00e-02,
805,2.00e+00,1.60e-01,
806,1.00e+01,8.00e-02,
807,2.00e+00,2.40e-01,
808,1.00e+01,1.60e-01,
809,2.00e+00,2.40e-01,
810,4.00e+00,2.40e-01,
811,1.00e+01,8.00e-02,
812,2.00e+00,1.60e-01,
813,1.00e+01,0.00e+00,
814,2.00e+00,8.00e-02,
815,1.00e+01,1.60e-01,
816,2.00e+00,8.00e-02,
817,1.00e+01,2.40e-01,
818,1.00e+01,2.40e-01,
819,2.00e+00,8.00e-02,
820,2.00e+00,1.60e-01,
821,1.00e+01,0.00e+00,
822,1.40e+01,1.60e-01,
823,2.00e+00,0.00e+00,
824,1.20e+01,0.00e+00,
825,2.00e+00,1.60e-01,
826,1.20e+01,8.00e-02,
827,2.00e+00,1.60e-01,
828,1.40e+01,1.60e-01,
829,2.00e+00,0.00e+00,
830,1.20e+01,8.00e-02,
831,2.00e+00,-8.00e-02,
832,1.20e+01,0.00e+00,
833,2.00e+00,8.00e-02,
834,2.00e+00,0.00e+00,
835,1.40e+01,1.60e-01,
836,2.00e+00,0.00e+00,
837,1.20e+01,1.60e-01,
838,2.00e+00,8.00e-02,
839,1.20e+01,-8.00e-02,
840,2.00e+00,0.00e+00,
841,1.20e+01,1.60e-01,
842,2.00e+00,8.00e-02,
843,1.40e+01,2.40e-01,
844,2.00e+00,2.40e-01,
845,1.40e+01,0.00e+00,
846,2.00e+00,1.60e-01,
847,1.20e+01,0.00e+00,
848,2.00e+00,0.00e+00,
849,1.40e+01,1.60e-01,
850,4.00e+00,1.60e-01,
851,1.20e+01,0.00e+00,
852,4.00e+00,1.60e-01,
853,1.20e+01,8.00e-02,
854,4.00e+00,1.60e-01,
855,1.20e+01,0.00e+00,
856,1.20e+01,0.00e+00,
857,4.00e+00,8.00e-02,
858,1.40e+01,0.00e+00,
859,4.00e+00,1.60e-01,
860,1.20e+01,8.00e-02,
861,4.00e+00,2.40e-01,
862,4.00e+00,2.40e-01,
863,1.40e+01,8.00e-02,
864,4.00e+00,1.60e-01,
865,1.40e+01,0.00e+00,
866,1.20e+01,0.00e+00,
867,4.00e+00,2.40e-01,
868,4.00e+00,2.40e-01,
869,1.40e+01,8.00e-02,
870,4.00e+00,2.40e-01,
871,1.40e+01,8.00e-02,
872,4.00e+00,2.40e-01,
873,1.40e+01,8.00e-02,
874,4.00e+00,8.00e-02,
875,1.20e+01,2.40e-01,
876,4.00e+00,2.40e-01,
877,1.40e+01,8.00e-02,
878,4.00e+00,2.40e-01,
879,1.40e+01,8.00e-02,
880,4.00e+00,1.60e-01,
881,1.40e+01,8.00e-02,
882,4.00e+00,8.00e-02,
883,1.40e+01,2.40e-01,
884,1.40e+01,8.00e-02,
885,4.00e+00,2.40e-01,
886,1.40e+01,3.20e-01,
887,4.00e+00,8.00e-02,
888,1.20e+01,1.60e-01,
889,4.00e+00,0.00e+00,
890,1.40e+01,0.00e+00,
891,4.00e+00,1.60e-01,
892,1.40e+01,1.60e-01,
893,4.00e+00,0.00e+00,
894,4.00e+00,1.60e-01,
895,1.40e+01,0.00e+00,
896,4.00e+00,1.60e-01,
897,1.40e+01,0.00e+00,
898,4.00e+00,0.00e+00,
899,1.40e+01,1.60e-01,
900,4.00e+00,0.00e+00,
901,1.40e+01,2.40e-01,
902,4.00e+00,1.60e-01,
903,1.40e+01,2.40e-01,
904,4.00e+00,2.40e-01,
905,1.40e+01,8.00e-02,
906,4.00e+00,1.60e-01,
907,1.40e+01,0.00e+00,
908,4.00e+00,0.00e+00,
909,1.40e+01,1.60e-01,
910,4.00e+00,0.00e+00,
911,1.40e+01,1.60e-01,
912,1.40e+01,1.60e-01,
913,4.00e+00,0.00e+00,
914,1.40e+01,0.00e+00,
915,4.00e+00,8.00e-02,
916,1.40e+01,0.00e+00,
917,4.00e+00,8.00e-02,
918,1.40e+01,0.00e+00,
919,4.00e+00,1.60e-01,
920,1.40e+01,1.60e-01,
921,4.00e+00,8.00e-02,
922,1.40e+01,1.60e-01,
923,4.00e+00,0.00e+00,
924,1.40e+01,0.00e+00,
925,4.00e+00,1.60e-01,
926,4.00e+00,0.00e+00,
927,1.40e+01,2.40e-01,
928,4.00e+00,8.00e-02,
929,1.40e+01,2.40e-01,
930,4.00e+00,1.60e-01,
931,1.40e+01,0.00e+00,
932,4.00e+00,1.60e-01,
933,1.40e+01,0.00e+00,
934,4.00e+00,8.00e-02,
935,1.40e+01,2.40e-01,
936,4.00e+00,8.00e-02,
937,1.40e+01,2.40e-01,
938,4.00e+00,2.40e-01,
939,1.40e+01,8.00e-02,
940,1.40e+01,8.00e-02,
941,4.00e+00,2.40e-01,
942,1.40e+01,8.00e-02,
943,4.00e+00,1.60e-01,
944,1.40e+01,8.00e-02,
945,4.00e+00,2.40e-01,
946,1.40e+01,8.00e-02,
947,4.00e+00,2.40e-01,
948,1.40e+01,1.60e-01,
949,4.00e+00,0.00e+00,
950,1.40e+01,0.00e+00,
951,4.00e+00,1.60e-01,
952,4.00e+00,0.00e+00,
953,1.60e+01,1.60e-01,
954,1.40e+01,1.60e-01,
955,4.00e+00,8.00e-02,
956,4.00e+00,8.00e-02,
957,1.40e+01,1.60e-01,
958,4.00e+00,8.00e-02,
959,1.60e+01,2.40e-01,
960,4.00e+00,2.40e-01,
961,1.60e+01,8.00e-02,
962,4.00e+00,1.60e-01,
963,1.60e+01,2.40e-01,
964,6.00e+00,2.40e-01,
965,1.60e+01,0.00e+00,
966,4.00e+00,0.00e+00,
967,1.40e+01,1.60e-01,
968,4.00e+00,0.00e+00,
969,1.60e+01,1.60e-01,
970,1.60e+01,0.00e+00,
971,4.00e+00,1.60e-01,
972,1.60e+01,0.00e+00,
973,4.00e+00,1.60e-01,
974,1.60e+01,0.00e+00,
975,4.00e+00,1.60e-01,
976,1.60e+01,0.00e+00,
977,4.00e+00,1.60e-01,
978,1.60e+01,8.00e-02,
979,4.00e+00,1.60e-01,
980,1.60e+01,8.00e-02,
981,6.00e+00,2.40e-01,
982,1.60e+01,1.60e-01,
983,6.00e+00,0.00e+00,
984,1.60e+01,1.60e-01,
985,6.00e+00,0.00e+00,
986,1.40e+01,8.00e-02,
987,4.00e+00,2.40e-01,
988,6.00e+00,8.00e-02,
989,1.60e+01,1.60e-01,
990,6.00e+00,1.60e-01,
991,1.40e+01,0.00e+00,
992,6.00e+00,8.00e-02,
993,1.60e+01,0.00e+00,
994,6.00e+00,8.00e-02,
995,1.60e+01,0.00e+00,
996,6.00e+00,1.60e-01,
997,1.60e+01,0.00e+00,
998,6.00e+00,1.60e-01,
999,1.60e+01,0.00e+00,
1000,1.40e+01,1.60e-01,
1001,6.00e+00,0.00e+00,
1002,1.60e+01,0.00e+00,
1003,6.00e+00,1.60e-01,
1004,1.60e+01,8.00e-02,
1005,6.00e+00,2.40e-01,
1006,1.60e+01,8.00e-02,
1007,6.00e+00,2.40e-01,
1008,6.00e+00,0.00e+00,
1009,1.60e+01,1.60e-01,
1010,1.60e+01,0.00e+00,
1011,6.00e+00,2.40e-01,
1012,1.60e+01,1.60e-01,
1013,6.00e+00,3.20e-01,
1014,6.00e+00,1.60e-01,
1015,1.60e+01,3.20e-01,
1016,6.00e+00,2.40e-01,
1017,1.60e+01,8.00e-02,
1018,6.00e+00,2.40e-01,
1019,1.60e+01,8.00e-02,
1020,6.00e+00,1.60e-01,
1021,1.60e+01,3.20e-01,
1022,6.00e+00,2.40e-01,
1023,1.60e+01,8.00e-02,
1024,6.00e+00,1.60e-01,
1025,1.60e+01,0.00e+00,
1026,1.60e+01,0.00e+00,
1027,6.00e+00,1.60e-01,
1028,1.60e+01,1.60e-01,
1029,6.00e+00,0.00e+00,
1030,1.60e+01,8.00e-02,
1031,6.00e+00,2.40e-01,
1032,1.60e+01,8.00e-02,
1033,6.00e+00,2.40e-01,
1034,1.60e+01,8.00e-02,
1035,6.00e+00,2.40e-01,
1036,1.60e+01,8.00e-02,
1037,6.00e+00,1.60e-01,
1038,1.60e+01,8.00e-02,
1039,6.00e+00,2.40e-01,
1040,1.60e+01,2.40e-01,
1041,6.00e+00,1.60e-01,
1042,1.60e+01,1.60e-01,
1043,6.00e+00,0.00e+00,
1044,1.60e+01,0.00e+00,
1045,6.00e+00,1.60e-01,
1046,1.60e+01,8.00e-02,
1047,8.00e+00,2.40e-01,
1048,6.00e+00,2.40e-01,
1049,1.60e+01,1.60e-01,
1050,6.00e+00,2.40e-01,
1051,1.60e+01,1.60e-01,
1052,6.00e+00,1.60e-01,
1053,1.60e+01,2.40e-01,
1054,6.00e+00,2.40e-01,
1055,1.60e+01,8.00e-02,
1056,8.00e+00,2.40e-01,
1057,1.60e+01,8.00e-02,
1058,1.60e+01,2.40e-01,
1059,6.00e+00,8.00e-02,
1060,1.60e+01,8.00e-02,
1061,6.00e+00,1.60e-01,
1062,1.60e+01,1.60e-01,
1063,6.00e+00,8.00e-02,
1064,1.60e+01,1.60e-01,
1065,6.00e+00,8.00e-02,
1066,1.60e+01,1.60e-01,
1067,8.00e+00,8.00e-02,
1068,1.60e+01,1.60e-01,
1069,6.00e+00,8.00e-02,
1070,1.60e+01,0.00e+00,
1071,6.00e+00,1.60e-01,
1072,1.60e+01,8.00e-02,
1073,6.00e+00,2.40e-01,
1074,1.60e+01,8.00e-02,
1075,6.00e+00,2.40e-01,
1076,8.00e+00,8.00e-02,
1077,1.60e+01,1.60e-01,
1078,6.00e+00,8.00e-02,
1079,1.60e+01,2.40e-01,
1080,6.00e+00,1.60e-01,
1081,1.60e+01,3.20e-01,
1082,6.00e+00,3.20e-01,
1083,1.60e+01,1.60e-01,
1084,6.00e+00,3.20e-01,
1085,1.60e+01,1.60e-01,
1086,6.00e+00,3.20e-01,
1087,1.60e+01,1.60e-01,
1088,6.00e+00,3.20e-01,
1089,1.60e+01,2.40e-01,
1090,1.60e+01,3.20e-01,
1091,8.00e+00,1.60e-01,
1092,1.60e+01,3.20e-01,
1093,8.00e+00,1.60e-01,
1094,1.60e+01,2.40e-01,
1095,8.00e+00,1.60e-01,
1096,1.80e+01,2.40e-01,
1097,6.00e+00,8.00e-02,
1098,1.60e+01,2.40e-01,
1099,6.00e+00,1.60e-01,
1100,8.00e+00,2.40e-01,
1101,1.80e+01,8.00e-02,
1102,6.00e+00,1.60e-01,
1103,1.80e+01,0.00e+00,
1104,6.00e+00,8.00e-02,
1105,1.80e+01,2.40e-01,
1106,6.00e+00,1.60e-01,
1107,1.80e+01,3.20e-01,
1108,6.00e+00,3.20e-01,
1109,1.80e+01,1.60e-01,
1110,6.00e+00,2.40e-01,
1111,1.80e+01,8.00e-02,
1112,6.00e+00,1.60e-01,
1113,1.80e+01,8.00e-02,
1114,6.00e+00,8.00e-02,
1115,1.80e+01,2.40e-01,
1116,1.80e+01,2.40e-01,
1117,6.00e+00,8.00e-02,
1118,1.80e+01,1.60e-01,
1119,6.00e+00,0.00e+00,
1120,1.80e+01,0.00e+00,
1121,8.00e+00,1.60e-01,
1122,1.80e+01,0.00e+00,
1123,6.00e+00,1.60e-01,
1124,1.80e+01,8.00e-02,
1125,8.00e+00,2.40e-01,
1126,1.80e+01,2.40e-01,
1127,8.00e+00,8.00e-02,
1128,1.80e+01,2.40e-01,
1129,1.00e+01,8.00e-02,
1130,1.80e+01,2.40e-01,
1131,8.00e+00,1.60e-01,
1132,8.00e+00,1.60e-01,
1133,1.80e+01,3.20e-01,
1134,8.00e+00,2.40e-01,
1135,1.80e+01,1.60e-01,
1136,8.00e+00,2.40e-01,
1137,1.80e+01,1.60e-01,
1138,1.00e+01,8.00e-02,
1139,1.80e+01,2.40e-01,
1140,8.00e+00,1.60e-01,
1141,1.80e+01,3.20e-01,
1142,8.00e+00,3.20e-01,
1143,1.80e+01,1.60e-01,
1144,8.00e+00,1.60e-01,
1145,1.80e+01,2.40e-01,
1146,1.80e+01,1.60e-01,
1147,8.00e+00,2.40e-01,
1148,1.80e+01,3.20e-01,
1149,8.00e+00,1.60e-01,
1150,1.80e+01,3.20e-01,
1151,8.00e+00,1.60e-01,
1152,1.80e+01,3.20e-01,
1153,8.00e+00,8.00e-02,
1154,1.80e+01,8.00e-02,
1155,1.00e+01,2.40e-01,
1156,1.80e+01,8.00e-02,
1157,1.00e+01,3.20e-01,
1158,1.80e+01,1.60e-01,
1159,1.00e+01,3.20e-01,
1160,1.80e+01,2.40e-01,
1161,1.00e+01,8.00e-02,
1162,1.80e+01,8.00e-02,
1163,1.00e+01,2.40e-01,
1164,1.80e+01,8.00e-02,
1165,8.00e+00,3.20e-01,
1166,1.00e+01,2.40e-01,
1167,1.80e+01,1.60e-01,
1168,1.00e+01,2.40e-01,
1169,1.80e+01,8.00e-02,
1170,8.00e+00,2.40e-01,
1171,1.80e+01,8.00e-02,
1172,8.00e+00,1.60e-01,
1173,1.80e+01,3.20e-01,
1174,1.00e+01,2.40e-01,
1175,1.80e+01,3.20e-01,
1176,1.00e+01,2.40e-01,
1177,1.80e+01,3.20e-01,
1178,1.00e+01,3.20e-01,
1179,1.80e+01,1.60e-01,
1180,1.80e+01,2.40e-01,
1181,1.00e+01,1.60e-01,
1182,1.80e+01,1.60e-01,
1183,8.00e+00,3.20e-01,
1184,1.80e+01,2.40e-01,
1185,1.00e+01,8.00e-02,
1186,1.80e+01,8.00e-02,
1187,1.00e+01,2.40e-01,
1188,1.80e+01,8.00e-02,
1189,1.00e+01,2.40e-01,
1190,1.80e+01,2.40e-01,
1191,1.00e+01,8.00e-02,
1192,8.00e+00,1.60e-01,
1193,1.80e+01,3.20e-01,
1194,1.80e+01,1.60e-01,
1195,1.00e+01,3.20e-01,
1196,1.00e+01,2.40e-01,
1197,1.80e+01,8.00e-02,
1198,1.00e+01,2.40e-01,
1199,1.80e+01,8.00e-02,
